{
	"format_version": "0.9.0",
	"credit": "Made with Blockbench",
	"textures": {
		"9": "item/espadas/item",
		"17": "item/espadas/katana",
		"particle": "item/espadas/katana"
	},
	"elements": [
		{
			"name": "habaki",
			"from": [7.925, 7, 7.2],
			"to": [8.075, 7.525, 8.8],
			"rotation": {"angle": 0, "axis": "y", "origin": [7, 7, 8]},
			"faces": {
				"north": {"uv": [14.5, 2, 14.75, 3], "texture": "#missing"},
				"east": {"uv": [11.5, 2, 13, 3], "texture": "#missing"},
				"south": {"uv": [11.25, 2, 11.5, 3], "texture": "#missing"},
				"west": {"uv": [13, 2, 14.5, 3], "texture": "#missing"},
				"up": {"uv": [13, 2, 11.5, 1.5], "rotation": 90, "texture": "#missing"},
				"down": {"uv": [13, 2, 14.5, 1.5], "rotation": 90, "texture": "#missing"}
			}
		},
		{
			"name": "tsuba",
			"from": [7.25, 6, 6.5],
			"to": [8.75, 7, 9.5],
			"rotation": {"angle": 0, "axis": "y", "origin": [7, 6, 7]},
			"faces": {
				"north": {"uv": [8, 13.5, 9.25, 16], "texture": "#missing"},
				"east": {"uv": [9.25, 13.5, 12, 16], "texture": "#missing"},
				"south": {"uv": [14.75, 13.5, 16, 16], "texture": "#missing"},
				"west": {"uv": [12, 13.5, 14.75, 16], "texture": "#missing"},
				"up": {"uv": [12, 13.5, 9.25, 11], "rotation": 90, "texture": "#missing"},
				"down": {"uv": [12, 13.5, 14.75, 11], "rotation": 90, "texture": "#missing"}
			}
		},
		{
			"name": "tsuka",
			"from": [7.55, 0, 7.5],
			"to": [8.45, 6, 8.5],
			"rotation": {"angle": 0, "axis": "y", "origin": [7, 1, 7]},
			"faces": {
				"north": {"uv": [3, 11, 4, 16], "texture": "#missing"},
				"east": {"uv": [4, 11, 5, 16], "texture": "#missing"},
				"south": {"uv": [5, 11, 6, 16], "texture": "#missing"},
				"west": {"uv": [6, 11, 7, 16], "texture": "#missing"},
				"up": {"uv": [5, 11, 4, 9], "texture": "#missing"},
				"down": {"uv": [6, 9, 5, 11], "texture": "#missing"}
			}
		},
		{
			"name": "kashira",
			"from": [7.5, -0.75, 7.25],
			"to": [8.5, 0.75, 8.75],
			"rotation": {"angle": -45, "axis": "x", "origin": [7, 0, 8]},
			"faces": {
				"north": {"uv": [11.5, 7, 13, 8.5], "rotation": 90, "texture": "#missing"},
				"east": {"uv": [11.5, 4, 13, 7], "texture": "#missing"},
				"south": {"uv": [13, 7, 14.5, 8.5], "rotation": 90, "texture": "#missing"},
				"west": {"uv": [13, 4, 14.5, 7], "texture": "#missing"},
				"up": {"uv": [11.5, 8.5, 10, 7], "rotation": 90, "texture": "#missing"},
				"down": {"uv": [14.5, 8.5, 16, 7], "rotation": 90, "texture": "#missing"}
			}
		},
		{
			"name": "kashira",
			"from": [7.525, -0.75, 7.25],
			"to": [8.475, 0.75, 8.75],
			"rotation": {"angle": 0, "axis": "y", "origin": [7, 0, 8]},
			"faces": {
				"north": {"uv": [11.5, 7, 13, 8.5], "rotation": 90, "texture": "#missing"},
				"east": {"uv": [11.5, 4, 13, 7], "texture": "#missing"},
				"south": {"uv": [13, 7, 14.5, 8.5], "rotation": 90, "texture": "#missing"},
				"west": {"uv": [13, 4, 14.5, 7], "texture": "#missing"},
				"up": {"uv": [11.5, 8.5, 10, 7], "rotation": 90, "texture": "#missing"},
				"down": {"uv": [14.5, 8.5, 16, 7], "rotation": 90, "texture": "#missing"}
			}
		},
		{
			"name": "ha",
			"from": [8, 7.25, 7.25],
			"to": [8, 25, 8.75],
			"rotation": {"angle": 0, "axis": "y", "origin": [8, 7, 8]},
			"faces": {
				"north": {"uv": [2, 0, 2, 9.5], "texture": "#17"},
				"east": {"uv": [0, 0, 1, 16], "texture": "#17"},
				"south": {"uv": [2, 0, 2, 9.5], "texture": "#17"},
				"west": {"uv": [1, 0, 2, 16], "texture": "#17"},
				"up": {"uv": [2, 0, 1, 0], "rotation": 90, "texture": "#17"},
				"down": {"uv": [1, 0, 0, 0], "rotation": 90, "texture": "#17"}
			}
		},
		{
			"name": "kissaki",
			"from": [8, 25, 7.625],
			"to": [8, 25.5, 8.75],
			"rotation": {"angle": 0, "axis": "y", "origin": [8, 15, 8]},
			"faces": {
				"north": {"uv": [0.5, 0, 0.75, 0], "texture": "#17"},
				"east": {"uv": [0.25, 0, 1, 0.5], "texture": "#17"},
				"south": {"uv": [1.25, 0, 1.5, 0], "texture": "#17"},
				"west": {"uv": [1, 0, 1.75, 0.5], "texture": "#17"},
				"up": {"uv": [0.5, 0, 0, 0], "rotation": 270, "texture": "#17"},
				"down": {"uv": [1.5, 0, 2, 0], "rotation": 270, "texture": "#17"}
			}
		},
		{
			"name": "kissaki",
			"from": [8, 25.5, 8],
			"to": [8, 26, 8.75],
			"rotation": {"angle": 0, "axis": "y", "origin": [8, 15.5, 8]},
			"faces": {
				"north": {"uv": [0.5, 0, 0.75, 0], "texture": "#17"},
				"east": {"uv": [0.5, 0, 1, 0.25], "texture": "#17"},
				"south": {"uv": [1.25, 0, 1.5, 0], "texture": "#17"},
				"west": {"uv": [1, 0, 1.5, 0.25], "texture": "#17"},
				"up": {"uv": [0.5, 0, 0, 0], "rotation": 270, "texture": "#17"},
				"down": {"uv": [1.5, 0, 2, 0], "rotation": 270, "texture": "#17"}
			}
		},
		{
			"name": "monuki",
			"from": [7.425, -0.5, 7.5],
			"to": [7.525, 0.5, 8.5],
			"rotation": {"angle": 45, "axis": "x", "origin": [8.1, 0, 8]},
			"faces": {
				"north": {"uv": [0, 2, 2, 12], "texture": "#9"},
				"east": {"uv": [2, 12, 12, 2], "rotation": 180, "texture": "#9"},
				"south": {"uv": [12, 2, 14, 12], "texture": "#9"},
				"west": {"uv": [2, 2, 12, 12], "texture": "#9"},
				"up": {"uv": [12, 2, 2, 0], "rotation": 90, "texture": "#9"},
				"down": {"uv": [2, 14, 12, 12], "rotation": 90, "texture": "#9"}
			}
		},
		{
			"name": "monuki",
			"from": [8.475, -0.5, 7.5],
			"to": [8.575, 0.5, 8.5],
			"rotation": {"angle": 45, "axis": "x", "origin": [9.15, 0, 8]},
			"faces": {
				"north": {"uv": [0, 2, 2, 12], "texture": "#9"},
				"east": {"uv": [2, 12, 12, 2], "rotation": 180, "texture": "#9"},
				"south": {"uv": [12, 2, 14, 12], "texture": "#9"},
				"west": {"uv": [2, 2, 12, 12], "texture": "#9"},
				"up": {"uv": [12, 2, 2, 0], "rotation": 90, "texture": "#9"},
				"down": {"uv": [2, 14, 12, 12], "rotation": 90, "texture": "#9"}
			}
		}
	],
	"display": {
		"thirdperson_righthand": {
			"translation": [0, 2.75, 0.75]
		},
		"thirdperson_lefthand": {
			"rotation": [-180, -180, 0],
			"translation": [0, -6.5, 0.75]
		},
		"firstperson_righthand": {
			"rotation": [-14, 0, -7],
			"translation": [0, 1.75, 0]
		},
		"firstperson_lefthand": {
			"rotation": [175.25, 0, -12],
			"translation": [1.75, -0.75, 1.75]
		},
		"ground": {
			"rotation": [90, 90, 0]
		},
		"gui": {
			"rotation": [-51, 44, 66],
			"translation": [1.25, -2.25, 0],
			"scale": [0.7, 0.7, 0.7]
		},
		"fixed": {
			"rotation": [0, 90, 0],
			"translation": [0, -3.25, 0],
			"scale": [0.7, 0.7, 0.7]
		}
	},
	"groups": [
		{
			"name": "cabl",
			"origin": [7, 6, 7],
			"color": 8,
			"children": [0, 1, 2, 3, 4]
		},
		{
			"name": "blad",
			"origin": [8, 8, 8],
			"color": 6,
			"children": [5, 6, 7]
		},
		{
			"name": "item",
			"origin": [8, 8, 8],
			"color": 0,
			"children": [8, 9]
		}
	],
	"author": "Mitisui"
}