{
  "xuxa_toque1": { "category": "player", "sounds": ["minecraft:xuxa1"] },
  "xuxa_toque2": { "category": "player", "sounds": ["minecraft:xuxa2"] },
  "xuxa_toque3": { "category": "player", "sounds": ["minecraft:xuxa3"] },
  "xuxa_toque4": { "category": "player", "sounds": ["minecraft:xuxa4"] },
  
  "vtr_siren": { "category": "player", "sounds": ["minecraft:sirene"] },

  "hino_mengo": { "category": "player", "sounds": ["minecraft:flamengo"] },
  "hino_papa": { "category": "player", "sounds": ["minecraft:paysandu"] },
  "hino_timao": { "category": "player", "sounds": ["minecraft:timao"] },
  "hino_remo": { "category": "player", "sounds": ["minecraft:remo"] }
}