{
  "tel_toque1": { "category": "player", "sounds": ["telefone/tel_toque1"] },
  "tel_toque2": { "category": "player", "sounds": ["telefone/tel_toque2"] },
  "tel_toque3": { "category": "player", "sounds": ["telefone/tel_toque3"] },
  "tel_toque4": { "category": "player", "sounds": ["telefone/tel_toque4"] },

  "sirene": { "category": "player", "sounds": ["goat_horn/call10"] },
  "flamengo": { "category": "player", "sounds": ["goat_horn/call11"] },
  "remo": { "category": "player", "sounds": ["goat_horn/call12"] },
  "paysandu": { "category": "player", "sounds": ["goat_horn/call13"] },
  "corinthians": { "category": "player", "sounds": ["goat_horn/call14"] }
}