{
	"format_version": "1.0",
	"credit": "Made with Blockbench",
	"Author": "Mitisui",
	"texture_size": [32, 32],
	"textures": {
		"0": "minecraft:item/espadas/separador_de_almas",
		"particle": "minecraft:item/espadas/separador_de_almas"
	},
	"elements": [
		{
			"from": [7, -4, 7],
			"to": [9, -2, 9],
			"rotation": {"angle": 0, "axis": "y", "origin": [7, -4, 7]},
			"faces": {
				"north": {"uv": [6, 13, 7.5, 14.5], "texture": "#0"},
				"east": {"uv": [6, 13, 7.5, 14.5], "texture": "#0"},
				"south": {"uv": [6, 13, 7.5, 14.5], "texture": "#0"},
				"west": {"uv": [6, 13, 7.5, 14.5], "texture": "#0"},
				"up": {"uv": [7.5, 14.5, 6, 13], "texture": "#0"},
				"down": {"uv": [7.5, 13, 6, 14.5], "texture": "#0"}
			}
		},
		{
			"from": [6.9, -4.125, 6.9],
			"to": [9.1, -1.925, 9.1],
			"rotation": {"angle": 0, "axis": "y", "origin": [7, -4, 7]},
			"faces": {
				"north": {"uv": [4, 13, 5.5, 14.5], "texture": "#0"},
				"east": {"uv": [4, 13, 5.5, 14.5], "texture": "#0"},
				"south": {"uv": [4, 13, 5.5, 14.5], "texture": "#0"},
				"west": {"uv": [4, 13, 5.5, 14.5], "texture": "#0"},
				"up": {"uv": [5.5, 14.5, 4, 13], "texture": "#0"},
				"down": {"uv": [5.5, 13, 4, 14.5], "texture": "#0"}
			}
		},
		{
			"from": [7.25, -2, 7.25],
			"to": [8.75, 2, 8.75],
			"rotation": {"angle": 0, "axis": "y", "origin": [7, -2, 7]},
			"faces": {
				"north": {"uv": [12, 2, 13, 5], "texture": "#0"},
				"east": {"uv": [13, 2, 14, 5], "texture": "#0"},
				"south": {"uv": [14, 2, 15, 5], "texture": "#0"},
				"west": {"uv": [15, 2, 16, 5], "texture": "#0"},
				"up": {"uv": [14, 2, 13, 1], "texture": "#0"},
				"down": {"uv": [15, 5, 14, 6], "texture": "#0"}
			}
		},
		{
			"from": [6.25, 2, 7],
			"to": [9.75, 4, 9],
			"rotation": {"angle": 0, "axis": "y", "origin": [7, 2, 7]},
			"faces": {
				"north": {"uv": [7, 7.5, 10.5, 9.5], "texture": "#0"},
				"east": {"uv": [10.5, 7.5, 12.5, 9.5], "texture": "#0"},
				"south": {"uv": [12.5, 7.5, 16, 9.5], "texture": "#0"},
				"west": {"uv": [5, 7.5, 7, 9.5], "texture": "#0"},
				"up": {"uv": [11, 7.5, 8, 5.5], "texture": "#0"},
				"down": {"uv": [14, 9.5, 11, 11.5], "texture": "#0"}
			}
		},
		{
			"from": [5.25, 2.75, 7.5],
			"to": [5.75, 4.75, 8.5],
			"rotation": {"angle": 0, "axis": "y", "origin": [6, 2.5, 7]},
			"faces": {
				"north": {"uv": [9.5, 11.5, 10, 12.5], "texture": "#0"},
				"east": {"uv": [8.5, 11, 9.5, 12], "texture": "#0"},
				"south": {"uv": [8, 11.5, 8.5, 12.5], "texture": "#0"},
				"west": {"uv": [8.5, 11, 9.5, 12], "texture": "#0"},
				"up": {"uv": [9.5, 11, 8.5, 10.5], "texture": "#0"},
				"down": {"uv": [9.5, 12, 8.5, 12.5], "texture": "#0"}
			}
		},
		{
			"from": [5.75, 2.25, 7.5],
			"to": [6.25, 4.25, 8.5],
			"rotation": {"angle": 0, "axis": "y", "origin": [6.5, 2, 7]},
			"faces": {
				"north": {"uv": [9.5, 11.5, 10, 12.5], "texture": "#0"},
				"east": {"uv": [8.5, 11, 9.5, 12], "texture": "#0"},
				"south": {"uv": [8, 11.5, 8.5, 12.5], "texture": "#0"},
				"west": {"uv": [8.5, 11, 9.5, 12], "texture": "#0"},
				"up": {"uv": [9.5, 11, 8.5, 10.5], "texture": "#0"},
				"down": {"uv": [9.5, 12, 8.5, 12.5], "texture": "#0"}
			}
		},
		{
			"from": [10.25, 2.75, 7.5],
			"to": [10.75, 4.75, 8.5],
			"rotation": {"angle": 0, "axis": "y", "origin": [10, 2.5, 9]},
			"faces": {
				"north": {"uv": [8, 11.5, 8.5, 12.5], "texture": "#0"},
				"east": {"uv": [8.5, 11, 9.5, 12], "texture": "#0"},
				"south": {"uv": [9.5, 11.5, 10, 12.5], "texture": "#0"},
				"west": {"uv": [8.5, 11, 9.5, 12], "texture": "#0"},
				"up": {"uv": [9.5, 11, 8.5, 10.5], "rotation": 180, "texture": "#0"},
				"down": {"uv": [9.5, 12, 8.5, 12.5], "rotation": 180, "texture": "#0"}
			}
		},
		{
			"from": [9.75, 2.25, 7.5],
			"to": [10.25, 4.25, 8.5],
			"rotation": {"angle": 0, "axis": "y", "origin": [9.5, 2, 9]},
			"faces": {
				"north": {"uv": [8, 11.5, 8.5, 12.5], "texture": "#0"},
				"east": {"uv": [8.5, 11, 9.5, 12], "texture": "#0"},
				"south": {"uv": [9.5, 11.5, 10, 12.5], "texture": "#0"},
				"west": {"uv": [8.5, 11, 9.5, 12], "texture": "#0"},
				"up": {"uv": [9.5, 11, 8.5, 10.5], "rotation": 180, "texture": "#0"},
				"down": {"uv": [9.5, 12, 8.5, 12.5], "rotation": 180, "texture": "#0"}
			}
		},
		{
			"from": [6.25, 4, 7.75],
			"to": [9.75, 21, 8.25],
			"rotation": {"angle": 0, "axis": "y", "origin": [6.25, 4, 6]},
			"faces": {
				"north": {"uv": [0.5, 0.5, 3, 10.5], "texture": "#0"},
				"east": {"uv": [0.5, 0.5, 1, 10.5], "texture": "#0"},
				"south": {"uv": [0.5, 0.5, 3, 10.5], "texture": "#0"},
				"west": {"uv": [2.5, 0.5, 3, 10.5], "texture": "#0"},
				"up": {"uv": [3, 1, 0.5, 0.5], "texture": "#0"},
				"down": {"uv": [3.5, 10, 0.5, 10.5], "texture": "#0"}
			}
		}
	],
	"display": {
		"thirdperson_righthand": {
			"rotation": [0, 90, 0],
			"translation": [0, 6.25, 0]
		},
		"thirdperson_lefthand": {
			"rotation": [0, 90, 0],
			"translation": [0, 6.25, 0]
		},
		"firstperson_righthand": {
			"rotation": [0, 90, 0],
			"translation": [0, 3, 0]
		},
		"firstperson_lefthand": {
			"rotation": [0, 90, 0],
			"translation": [0, 3, 0]
		},
		"ground": {
			"rotation": [90, 0, 0]
		},
		"gui": {
			"rotation": [16, -169, -38],
			"scale": [0.5, 0.5, 0.5]
		},
		"fixed": {
			"scale": [0.7, 0.7, 0.7]
		}
	},
	"groups": [
		{
			"name": "group",
			"origin": [7, -2, 7],
			"color": 0,
			"children": [
				0,
				1,
				2,
				3,
				{
					"name": "group",
					"origin": [6, 2.5, 7],
					"color": 0,
					"children": [4, 5]
				},
				{
					"name": "group",
					"origin": [10.5, 2, 7],
					"color": 0,
					"children": [6, 7]
				}
			]
		},
		{
			"name": "group",
			"origin": [0, 0, 0],
			"color": 0,
			"children": [8]
		}
	]
}