{
  "parent": "minecraft:item/template_goat_horn",
  "overrides": [
    { "predicate": { "custom_model_data": 101 }, "model": "minecraft:item/corneta/policia" },
    { "predicate": { "custom_model_data": 102 }, "model": "minecraft:item/corneta/flamengo" },
    { "predicate": { "custom_model_data": 103 }, "model": "minecraft:item/corneta/remo" },
    { "predicate": { "custom_model_data": 104 }, "model": "minecraft:item/corneta/paysandu" },
    { "predicate": { "custom_model_data": 105 }, "model": "minecraft:item/corneta/timao" }
  ]
}