{
	"format_version": "1.9.0",
	"credit": "Made with Blockbench",
	"texture_size": [32, 32],
	"textures": {
		"0": "minecraft:item/pistola",
		"particle": "minecraft:item/pistola"
	},
	"elements": [
		{
			"from": [7, 0, 10],
			"to": [9, 6, 13],
			"rotation": {"angle": -22.5, "axis": "x", "origin": [7, 5, 11]},
			"faces": {
				"north": {"uv": [13, 3.5, 14.5, 7], "texture": "#0"},
				"east": {"uv": [13, 0, 14.5, 3.5], "texture": "#0"},
				"south": {"uv": [14.5, 3.5, 16, 7], "texture": "#0"},
				"west": {"uv": [14.5, 0, 16, 3.5], "texture": "#0"},
				"up": {"uv": [14.5, 8.5, 13, 7], "texture": "#0"},
				"down": {"uv": [16, 7, 14.5, 8.5], "texture": "#0"}
			}
		},
		{
			"from": [7.5, 9.2, 11.1],
			"to": [8.5, 9.7, 13.1],
			"rotation": {"angle": -22.5, "axis": "x", "origin": [7, 9.2, 12.85]},
			"faces": {
				"north": {"uv": [3, 2.5, 3.5, 3], "texture": "#0"},
				"east": {"uv": [9.5, 5.5, 10.5, 6], "texture": "#0"},
				"south": {"uv": [3, 4, 3.5, 4.5], "texture": "#0"},
				"west": {"uv": [6, 9.5, 7, 10], "texture": "#0"},
				"up": {"uv": [4.5, 7.5, 4, 6.5], "texture": "#0"},
				"down": {"uv": [10, 6, 9.5, 7], "texture": "#0"}
			}
		},
		{
			"from": [7.25, 5, 9.25],
			"to": [8.75, 9, 11.25],
			"rotation": {"angle": 0, "axis": "y", "origin": [7, 5, 10]},
			"faces": {
				"north": {"uv": [3, 6.5, 4, 8.5], "texture": "#0"},
				"east": {"uv": [6.5, 4, 7.5, 6], "texture": "#0"},
				"south": {"uv": [6.5, 6, 7.5, 8], "texture": "#0"},
				"west": {"uv": [5.5, 7, 6.5, 9], "texture": "#0"},
				"up": {"uv": [4, 9.5, 3, 8.5], "texture": "#0"},
				"down": {"uv": [9.5, 3.5, 8.5, 4.5], "texture": "#0"}
			}
		},
		{
			"from": [7.25, 5, 11.25],
			"to": [8.75, 8, 12.25],
			"rotation": {"angle": 0, "axis": "y", "origin": [7, 5, 11]},
			"faces": {
				"north": {"uv": [7.5, 5.5, 8.5, 7], "texture": "#0"},
				"east": {"uv": [3, 1, 3.5, 2.5], "texture": "#0"},
				"south": {"uv": [7.5, 7, 8.5, 8.5], "texture": "#0"},
				"west": {"uv": [5, 7.5, 5.5, 9], "texture": "#0"},
				"up": {"uv": [5, 10, 4, 9.5], "texture": "#0"},
				"down": {"uv": [10.5, 4, 9.5, 4.5], "texture": "#0"}
			}
		},
		{
			"from": [7.25, 5, 5.25],
			"to": [8.75, 5.5, 9.25],
			"rotation": {"angle": 0, "axis": "y", "origin": [7, 5, 7]},
			"faces": {
				"north": {"uv": [0, 9.5, 1, 10], "texture": "#0"},
				"east": {"uv": [8.5, 4.5, 10.5, 5], "texture": "#0"},
				"south": {"uv": [9.5, 2.5, 10.5, 3], "texture": "#0"},
				"west": {"uv": [8.5, 5, 10.5, 5.5], "texture": "#0"},
				"up": {"uv": [1, 9.5, 0, 7.5], "texture": "#0"},
				"down": {"uv": [8.5, 1.5, 7.5, 3.5], "texture": "#0"}
			}
		},
		{
			"from": [7.25, 3.75, 6.25],
			"to": [8.75, 5, 11],
			"rotation": {"angle": 0, "axis": "y", "origin": [7, 4.5, 8.75]},
			"faces": {
				"north": {"uv": [10, 0.5, 10.5, 1], "texture": "#0"},
				"east": {"uv": [9, 1, 11, 1.5], "texture": "#0"},
				"south": {"uv": [1, 10, 2, 10.5], "texture": "#0"},
				"west": {"uv": [2, 9.5, 4, 10], "texture": "#0"},
				"up": {"uv": [12.5, 5.5, 11.5, 3.5], "texture": "#0"},
				"down": {"uv": [4.5, 8, 4, 9.5], "texture": "#0"}
			}
		},
		{
			"from": [7.25, 5, 4.75],
			"to": [8.75, 6.75, 5.25],
			"rotation": {"angle": 0, "axis": "y", "origin": [7, 5, 3]},
			"faces": {
				"north": {"uv": [8.5, 5.5, 9.5, 6.5], "texture": "#0"},
				"east": {"uv": [7, 9.5, 7.5, 10.5], "texture": "#0"},
				"south": {"uv": [8.5, 6.5, 9.5, 7.5], "texture": "#0"},
				"west": {"uv": [9.5, 7, 10, 8], "texture": "#0"},
				"up": {"uv": [8.5, 10, 7.5, 9.5], "texture": "#0"},
				"down": {"uv": [10.5, 8, 9.5, 8.5], "texture": "#0"}
			}
		},
		{
			"from": [7.25, 7.5, 2],
			"to": [8.75, 8, 4.25],
			"rotation": {"angle": 0, "axis": "x", "origin": [7, 5.75, 4.25]},
			"faces": {
				"north": {"uv": [9.5, 9, 10.5, 9.5], "texture": "#0"},
				"east": {"uv": [9.5, 9.5, 10.5, 10], "texture": "#0"},
				"south": {"uv": [0, 10, 1, 10.5], "texture": "#0"},
				"west": {"uv": [10, 0, 11, 0.5], "texture": "#0"},
				"up": {"uv": [8.5, 9.5, 7.5, 8.5], "texture": "#0"},
				"down": {"uv": [9.5, 7.5, 8.5, 8.5], "texture": "#0"}
			}
		},
		{
			"from": [7.25, 8, -2.5],
			"to": [8.75, 9.5, 4.25],
			"rotation": {"angle": 0, "axis": "x", "origin": [7, 7.25, 4.25]},
			"faces": {
				"north": {"uv": [8.5, 8.5, 9.5, 9.5], "texture": "#0"},
				"east": {"uv": [0, 3, 3.5, 4], "texture": "#0"},
				"south": {"uv": [9, 0, 10, 1], "texture": "#0"},
				"west": {"uv": [3, 0, 6.5, 1], "texture": "#0"},
				"up": {"uv": [4.5, 4.5, 3.5, 1], "texture": "#0"},
				"down": {"uv": [1, 4, 0, 7.5], "texture": "#0"}
			}
		},
		{
			"from": [7.25, 6.75, 4.25],
			"to": [8.75, 9.5, 5.25],
			"rotation": {"angle": 0, "axis": "y", "origin": [7, 7.25, 3]},
			"faces": {
				"north": {"uv": [8, 0, 9, 1.5], "texture": "#0"},
				"east": {"uv": [5, 9, 5.5, 10.5], "texture": "#0"},
				"south": {"uv": [2, 8, 3, 9.5], "texture": "#0"},
				"west": {"uv": [5.5, 9, 6, 10.5], "texture": "#0"},
				"up": {"uv": [9.5, 10, 8.5, 9.5], "texture": "#0"},
				"down": {"uv": [10.5, 8.5, 9.5, 9], "texture": "#0"}
			}
		},
		{
			"from": [7.25, 9, 5.25],
			"to": [8.75, 9.5, 10.25],
			"rotation": {"angle": 0, "axis": "y", "origin": [7, 9, 7]},
			"faces": {
				"north": {"uv": [9.5, 3, 10.5, 3.5], "texture": "#0"},
				"east": {"uv": [8.5, 1.5, 11, 2], "texture": "#0"},
				"south": {"uv": [9.5, 3.5, 10.5, 4], "texture": "#0"},
				"west": {"uv": [8.5, 2, 11, 2.5], "texture": "#0"},
				"up": {"uv": [3, 8, 2, 5.5], "texture": "#0"},
				"down": {"uv": [6.5, 4.5, 5.5, 7], "texture": "#0"}
			}
		},
		{
			"from": [7.75, 5.6, 5.25],
			"to": [10.25, 8.1, 9.25],
			"rotation": {"angle": 45, "axis": "z", "origin": [8, 5.85, 6]},
			"faces": {
				"north": {"uv": [6, 2.5, 7.5, 4], "texture": "#0"},
				"east": {"uv": [1, 4, 3, 5.5], "texture": "#0"},
				"south": {"uv": [6.5, 0, 8, 1.5], "texture": "#0"},
				"west": {"uv": [4.5, 1, 6.5, 2.5], "texture": "#0"},
				"up": {"uv": [6, 4.5, 4.5, 2.5], "texture": "#0"},
				"down": {"uv": [4.5, 4.5, 3, 6.5], "texture": "#0"}
			}
		},
		{
			"from": [8, 9, -2.5],
			"to": [8, 10.5, -0.9],
			"rotation": {"angle": 45, "axis": "x", "origin": [7, 9.25, -1.9]},
			"faces": {
				"north": {"uv": [0, 0, 0, 1], "texture": "#0"},
				"east": {"uv": [6.5, 1.5, 7.5, 2.5], "texture": "#0"},
				"south": {"uv": [0, 0, 0, 1], "texture": "#0"},
				"west": {"uv": [8.5, 2.5, 9.5, 3.5], "texture": "#0"},
				"up": {"uv": [0, 1, 0, 0], "texture": "#0"},
				"down": {"uv": [0, 0, 0, 1], "texture": "#0"}
			}
		}
	],
	"display": {
		"thirdperson_righthand": {
			"translation": [0, 1.75, -2.75],
			"scale": [0.8, 0.8, 0.8]
		},
		"thirdperson_lefthand": {
			"translation": [0, 1.75, -3.5],
			"scale": [0.8, 0.8, 0.8]
		},
		"firstperson_righthand": {
			"translation": [0, 5, -1],
			"scale": [0.8, 0.8, 0.8]
		},
		"firstperson_lefthand": {
			"translation": [0, 5, -1],
			"scale": [0.8, 0.8, 0.8]
		},
		"ground": {
			"rotation": [0, 90, 0],
			"translation": [0, 0, 0.75],
			"scale": [0.8, 0.8, 0.8]
		},
		"gui": {
			"rotation": [30.83, 50.38, -2.1],
			"translation": [0.75, 1.25, 0],
			"scale": [0.8, 0.8, 0.8]
		},
		"head": {
			"translation": [0, 0, -4.5]
		},
		"fixed": {
			"rotation": [0, -90, 0],
			"scale": [0.8, 0.8, 0.8]
		}
	},
	"groups": [
		{
			"name": "suporte",
			"origin": [7, 5, 11],
			"color": 0,
			"children": [0]
		},
		{
			"name": "cano",
			"origin": [7, 9.2, 12.85],
			"color": 0,
			"children": [1, 2, 3, 4, 5, 6, 7, 8, 9, 10]
		},
		{
			"name": "barril",
			"origin": [8, 5.85, 6],
			"color": 0,
			"children": [11, 12]
		}
	]
}